101,sampson.karmen.macgergo@yahoo.com
102,conrad.joline.sergo@yahoo.com
103,dwayne.keefe.mergo@yahoo.com
104,trumann.aurel.nergo@yahoo.com
105,myron.coreen.jergo@yahoo.com
106,marve.katerine.sergo@yahoo.com
107,cristian.kalil.sergo@yahoo.com
108,heath.terrie.tergo@yahoo.com
109,roberto.tandi.bergo@yahoo.com
110,mitchael.caye.mccergo@yahoo.com
111,edmund.ramon.pergo@yahoo.com
112,filmore.lexis.bergo@yahoo.com
113,husein.caryl.mergo@yahoo.com
114,bondon.josselyn.cergo@yahoo.com
115,bo.gerry.bergo@yahoo.com
116,wilbur.douglas.dergo@yahoo.com
117,aguie.robb.rergo@yahoo.com
118,giffer.kerwin.rergo@yahoo.com
119,siegfried.nonnah.aergo@yahoo.com
119,siegfried_nonnah_arnault@gmail.com
120,loren.jocelin.cergo@yahoo.com
121,jacques.berte.tergo@yahoo.com
122,hewie.ricardo.st. hergo@yahoo.com
123,neils.charyl.wergo@yahoo.com
124,clark.rayner.dergo@yahoo.com
125,florian.marys.pergo@yahoo.com
126,riobard.carolyne.bergo@yahoo.com
127,nigel.giana.bergo@yahoo.com
128,hermon.judah.tergo@yahoo.com
129,roscoe.renate.gergo@yahoo.com
130,nathanil.gaston.jergo@yahoo.com
131,kelvin.angel.bergo@yahoo.com
132,dalt.carey.pergo@yahoo.com
133,kit.stephanie.oergo@yahoo.com
134,fonsie_reed_crocken@gmail.com
134,fonsie.reed.cergo@yahoo.com
135,sigmund.susie.gergo@yahoo.com
136,henri.ruben.sergo@yahoo.com
137,dene.lauretta.dergo@yahoo.com
138,iggy.wilfrid.mclergo@yahoo.com
139,alleyn.starla.gergo@yahoo.com
140,benny.emlynne.oergo@yahoo.com
141,reagen.lenee.bergo@yahoo.com
142,dilan.bayard.dearle-pergo@yahoo.com
142,dilan_bayard_dearle-palser@gmail.com
143,stavro.crosby.jergo@yahoo.com
144,conant.chevy.sergo@yahoo.com
145,alexandr.tiertza.aergo@yahoo.com
145,alexandr_tiertza_ausiello@gmail.com
146,chrotoem.virginie.sergo@yahoo.com
147,jeffry.emmy.sergo@yahoo.com
147,jeffry_emmy_scimoni@gmail.com
148,gilbert.ave.gergo@yahoo.com
149,vidovik.casie.kergo@yahoo.com
150,dominic.alysia.cergo@yahoo.com
151,gonzales_courtnay_kurt@gmail.com
151,gonzales.courtnay.kergo@yahoo.com
152,vanya.luciano.cergo@yahoo.com
153,reuven.damiano.lergo@yahoo.com
154,ulysses.ezmeralda.jergo@yahoo.com
155,bartram.batsheva.oergo@yahoo.com
156,zared.tim.hergo@yahoo.com
157,harwell_edy_blue@gmail.com
157,harwell.edy.bergo@yahoo.com
158,shalom.kandy.sergo@yahoo.com
159,shalom_kandy_snowball@gmail.com
159,artus.lorenzo.bergo@yahoo.com
160,dermot.mildred.lergo@yahoo.com
161,linus.leicester.gergo@yahoo.com
162,phineas.cecilio.a'bergo@yahoo.com
163,zak.gus.sergo@yahoo.com
164,kerby.kendra.vergo@yahoo.com
165,joseito.moshe.gergo@yahoo.com
166,jason.ariel.lergo@yahoo.com
167,fax.zack.cergo@yahoo.com
168,waverly.ruperto.mergo@yahoo.com
169,davon.phil.hergo@yahoo.com
170,cammy.patricio.cergo@yahoo.com
171,frants.katinka.bergo@yahoo.com
172,ervin.urbanus.hergo@yahoo.com
173,beaufort.alyce.tergo@yahoo.com
174,borg.terry.lergo@yahoo.com
175,moses.marquita.cergo@yahoo.com
176,rey.karney.zergo@yahoo.com
177,stavro.zsa zsa.sergo@yahoo.com
178,kin.cahra.eergo@yahoo.com
179,tabby.lavinia.kergo@yahoo.com
180,egbert.rosamund.von nergo@yahoo.com
181,egan.emmalee.bergo@yahoo.com
182,raimondo.nickola.hergo@yahoo.com
183,killie.aviva.cergo@yahoo.com
184,jay.nonie.lergo@yahoo.com
185,prescott.roley.gergo@yahoo.com
186,dore.merline.dergo@yahoo.com
187,constantino.arther.sergo@yahoo.com
188,brade.yancey.jergo@yahoo.com
189,leeland.carree.gergo@yahoo.com
190,dino.michael.pergo@yahoo.com
191,johann.camila.cergo@yahoo.com
192,rockwell.penn.cergo@yahoo.com
193,graeme.lizzie.bergo@yahoo.com
194,mendy.liana.lergo@yahoo.com
195,penn.mia.gergo@yahoo.com
196,galven.cherilyn.pergo@yahoo.com
197,hymie.christophorus.cergo@yahoo.com
198,steffen.tiebout.dergo@yahoo.com
199,vin.wit.de dergo@yahoo.com
200,langston.alikee.mergo@yahoo.com
201,vergil.jedd.mergo@yahoo.com
202,jamesy.wolfie.jergo@yahoo.com
203,parry.rebe.mergo@yahoo.com
204,barnabe.gaile.mccergo@yahoo.com
205,rainer.taite.sergo@yahoo.com
206,devy.druci.fergo@yahoo.com
207,harold.lesly.oergo@yahoo.com
208,archibold.angus.kergo@yahoo.com
209,tirrell.mathian.bergo@yahoo.com
210,lewiss.dreddy.van der kergo@yahoo.com
211,torre.jammie.bergo@yahoo.com
212,basile.avictor.tergo@yahoo.com
213,welby.henrieta.bergo@yahoo.com
214,berkly.cris.fergo@yahoo.com
215,vanya.pierce.sergo@yahoo.com
216,darren.yorgo.iergo@yahoo.com
217,wilt.tierney.pergo@yahoo.com
218,ryun.dahlia.iergo@yahoo.com
219,dallas.had.dergo@yahoo.com
220,norton.moyna.tergo@yahoo.com
221,jerome.ali.gergo@yahoo.com
222,dare.orrin.rergo@yahoo.com
223,harley.aksel.jergo@yahoo.com
224,durward.karel.tergo@yahoo.com
225,rosco.huntley.bergo@yahoo.com
226,gustaf.zachary.hergo@yahoo.com
227,quentin.tobias.sergo@yahoo.com
228,renault.engracia.lergo@yahoo.com
229,rockey.roseann.mergo@yahoo.com
230,murdock.georgeta.rergo@yahoo.com
231,colver.rosemary.sergo@yahoo.com
232,yancey.marni.mergo@yahoo.com
233,thibaud.francklyn.de gergo@yahoo.com
234,terry.kinny.eergo@yahoo.com
235,chadd.jonathon.bergo@yahoo.com
235,chadd_jonathon_bent@gmail.com
236,tallie.dru.hergo@yahoo.com
237,boyce.artair.lergo@yahoo.com
238,fowler.agneta.dergo@yahoo.com
239,theo.henka.lergo@yahoo.com
240,ruddy.willy.fergo@yahoo.com
241,jed.anton.wergo@yahoo.com
242,trace.penni.tergo@yahoo.com
243,kristoffer.ced.kergo@yahoo.com
244,boonie.shalom.jergo@yahoo.com
245,richart.emmery.jergo@yahoo.com
246,asher.vance.cergo@yahoo.com
247,sayers.elfreda.bergo@yahoo.com
248,parnell.wadsworth.dergo@yahoo.com
249,ernst.winne.dergo@yahoo.com
250,cori.torrance.bergo@yahoo.com
